"2","2005-11-07 16:25:07","What up listeners?!"
"5","2005-11-10 23:18:04","Episode 8 - Webcomics"
"12","2005-11-21 23:37:33","Episode 13 - Geek Fables Segment"
"13","2005-11-28 11:42:10","Site design"
"14","2005-11-28 23:16:17","Episode 15 - A bunch of crazy stuff"
"15","2005-11-29 23:56:29","Episode 16 - Some German Games"
"16","2005-12-01 13:56:45","Suggestion (not serious)"
"18","2005-12-02 21:31:49","I'm coming out of the lurking depths. w00t."
"19","2005-12-03 21:06:57","Here's what I think"
"21","2005-12-05 14:25:57","Rym's diet gets some press"
"22","2005-12-05 20:08:18","Episode 19 - How not to suck with money"
"23","2005-12-06 18:52:41","About the podcast..."
"26","2005-12-07 23:36:16","Bumper music between bits"
"33","2005-12-13 16:33:39","Mondays"
"36","2005-12-14 20:57:06","Episode 25 - The Crap Episode"
"40","2005-12-16 11:48:58","Inside Jokes"
"57","2005-12-29 23:49:13","Episode 33 - Star Wars"
"58","2006-01-03 09:57:12","Episode 34 - Food Stories"
"63","2006-01-05 23:44:26","Episode 37 - Television from Childhood"
"85","2006-01-23 11:12:25","GeekNights is going to Otakon!"
"105","2006-02-03 11:45:30","a Scott Rubin moment!"
"112","2006-02-10 15:38:53","Changing mp3 hosting"
"114","2006-02-13 23:38:01","Episode 58 - Just Talking"
"115","2006-02-14 11:20:03","1 hour logo"
"118","2006-02-15 23:34:06","suggestion"
"123","2006-02-20 22:03:22","Episode 61 - An argument between Scotts"
"124","2006-02-21 13:40:30","Episode 61 - Nerd News part deux"
"125","2006-02-21 14:41:34","Themed weeks. OMGSPLOSION!"
"127","2006-02-21 22:42:29","Shows you want to hear"
"128","2006-02-21 23:41:17","Episode 62 - Professionalism Right out the Window"
"131","2006-02-23 22:41:58","Episode 64 - Driving"
"139","2006-03-03 16:52:25","Yahoo Podcasts"
"159","2006-03-16 17:43:56","Episode 75 - Favorite Anime"
"161","2006-03-17 05:42:39","Episode 76- Favorite Sports"
"171","2006-03-22 01:30:25","Episode 77 - The Livingroom Computer"
"183","2006-03-25 02:47:47","Episode 80 - South Park and Futurama"
"190","2006-03-28 11:44:19","suggestion for tech day"
"196","2006-03-30 02:42:54","Theme Weeks"
"201","2006-03-31 21:52:08","Forum Exclusive: New Theme Preview"
"203","2006-04-01 12:47:36","watch rym and scott live"
"214","2006-04-03 16:43:34","questions of the show"
"221","2006-04-04 23:41:04","Volsted Act of 1919"
"227","2006-04-06 11:44:56","New Theme is Up!"
"229","2006-04-07 11:39:19","Polls!"
"231","2006-04-08 11:45:18","Dexter's Lab"
"238","2006-04-10 21:32:58","Merch?"
"240","2006-04-11 00:08:21","Rym says this constantly and it irks me"
"246","2006-04-12 02:19:17","the flame geek coming clean."
"259","2006-04-14 10:01:25","Geek Nights Logos"
"263","2006-04-16 17:25:53","Procrastination"
"270","2006-04-18 07:40:53","Bad feed item"
"278","2006-04-19 20:20:40","The Monitor Episode."
"282","2006-04-20 15:06:39","Tech Support 101"
"284","2006-04-20 21:49:38","TROGDOR42's Logo"
"288","2006-04-21 10:31:43","The Audio Quality of GeekNights"
"289","2006-04-22 20:11:07","Juggling:  Jason Garfield vs. Chris Bliss"
"295","2006-04-25 10:43:55","Is Tuesday night the 100th show?"
"304","2006-04-28 08:52:19","\"hah haa!\""
"309","2006-04-30 03:11:04","Is there a better term than \"Geek\"?"
"322","2006-05-05 04:01:26","Episode 104 - Illness and Injury"
"339","2006-05-10 03:12:06","Theme Week"
"371","2006-05-22 15:55:03","RSS enclosures missing"
"382","2006-05-26 11:21:08","The Scott Show"
"399","2006-06-02 05:03:56","How did you find GeekNights?"
"400","2006-06-02 17:08:41","Rym's German Idol"
"409","2006-06-06 07:02:45","simplest gate"
"425","2006-06-09 22:29:09","GeekNights is Much Better than The Moon Masters."
"436","2006-06-13 16:18:00","FRC Calendar"
"437","2006-06-13 16:52:01","What do you need?"
"446","2006-06-16 16:00:49","Google Calendar"
"485","2006-06-27 21:56:06","Real-life \"The Birds\""
"501","2006-07-04 00:16:57","Promos"
"505","2006-07-04 23:06:05","Rym solo v. Scott solo."
"506","2006-07-05 06:14:47","go fight the war!"
"515","2006-07-06 21:25:35","TEH LOL!!!! bad parent"
"524","2006-07-08 11:15:09","Dentistry"
"530","2006-07-11 04:15:49","OpenDNS kills kittens. OMG"
"531","2006-07-11 06:58:45","Show Ideas and Reminders"
"547","2006-07-13 14:52:47","The \"First time here?\" Episode"
"550","2006-07-14 07:00:08","Moving"
"580","2006-07-20 22:53:16","Episode 060720 - The Zeal"
"582","2006-07-21 10:48:42","Decide on the Show Format"
"606","2006-07-25 19:56:31","What is the \"Front Row Crew\"?"
"611","2006-07-26 13:39:42","Rym spins leek"
"617","2006-07-27 13:32:52","Funny Face AMV"
"679","2006-08-17 23:58:46","The Goatse Shirt (NSFW)"
"706","2006-08-24 18:20:13","Episode 152- Our First Hatemail"
"716","2006-08-27 11:03:41","party games for geeks?"
"767","2006-09-06 11:18:16","Webcomics Roundtable at Otakon 2006"
"773","2006-09-07 14:16:19","Mispronunciation of the day"
"782","2006-09-08 13:41:24","Thanks for the advice"
"799","2006-09-11 21:34:18","Vote on topic for episode 060912"
"811","2006-09-13 13:55:49","Rym's thing of the day for 9/12"
"812","2006-09-13 19:41:46","Evolution vs Intelligent Design"
"821","2006-09-14 15:53:20","Rym's pages?"
"837","2006-09-18 23:19:45","Tired on Mondays (Or, nominally, sound cards)"
"850","2006-09-20 20:25:14","FRC Forums Easter Egg?"
"882","2006-09-27 07:39:40","Turn it in and plagiarism"
"888","2006-09-28 10:32:54","GeekNights 060927 - Gag Manga Biyori"
"894","2006-09-29 11:01:13","Today's factual error"
"909","2006-10-03 10:46:01","I hate doing this"
"913","2006-10-04 00:46:42","GeekNights 060925 - â€œFreeâ€ Software Licenses"
"927","2006-10-05 02:39:57","iTunes Show Description"
"930","2006-10-05 11:29:25","Questions for Emily"
"934","2006-10-06 00:13:51","\"Freaking Squares\" Thing of the Day"
"971","2006-10-12 23:45:00","Episode 061012 - A terrible episode"
"972","2006-10-13 09:03:39","Ask Rym and Scott"
"973","2006-10-13 11:06:20","You can't make a bananna pie! (wanna bet?)"
"1035","2006-10-24 19:25:54","flamminggeek 2.0"
"1053","2006-10-26 10:41:10","Swag time"
"1070","2006-10-30 11:14:37","Show Idea"
"1086","2006-10-31 11:55:20","One Year Of Geeknights"
"1088","2006-10-31 19:36:19","What are our best episodes?"
"1139","2006-11-11 11:43:38","Your Favorite episode of GeekNights"
"1144","2006-11-13 11:57:21","Podlinez"
"1212","2006-11-29 08:55:06","Using Garage Band to Compose Podcast Music."
"1220","2006-12-01 09:38:58","GeekNights 061130 - A Rambling Retrospective"
"1235","2006-12-05 20:10:01","Thing of the day music."
"1255","2006-12-08 22:02:13","GeekNights Special 006 - Cheesy 80s Metal"
"1278","2006-12-14 00:58:10","GeekNights 061213 - Jeff Tatarek on Anime Music Videos"
"1298","2006-12-18 11:47:43","Digg Podcasts"
"1314","2006-12-20 12:35:25","Problem with GeekNights and Digg Podcasts"
"1363","2006-12-29 07:33:54","GeekNights 061228 - The GeekNights That Wasn't"
"1392","2007-01-05 07:17:07","Creative Commons"
"1395","2007-01-07 00:58:28","Help for a Geek stuck on dialup....."
"1492","2007-01-24 15:51:23","GeekNights 070123 - BattleLore"
"1507","2007-01-26 21:32:49","Genre: Podcast?"
"1536","2007-02-02 15:29:30","Other Podcasts (or, why GeekNights is #2)"
"1572","2007-02-09 12:16:37","New Site"
"1590","2007-02-14 00:23:30","GeekNights 070213 - Thurn and Taxis"
"1645","2007-02-23 08:45:57","GeekNights 070222 - GeekBacks Ahoy"
"1654","2007-02-25 14:22:52","Video Podcast"
"1675","2007-02-27 23:22:29","GeekNights 070227 - Super Mario World"
"1681","2007-02-28 23:09:12","GeekNights 070228 - New York Comic-Con"
"1719","2007-03-08 23:17:10","No Thrusday Show?!"
"1733","2007-03-12 23:15:03","GeekNights 070312 - No Internets"
"1738","2007-03-14 04:08:06","ETA on the show's return?"
"1838","2007-04-04 20:13:17","GeekChat"
"1847","2007-04-06 15:12:01","Anime-Pulse on the \"Worst Podcasts\" episode..."
"1880","2007-04-12 00:47:39","GeekNights 070411 - Dominion Tank Police"
"1921","2007-04-17 14:33:53","No Show Tonight"
"1975","2007-04-26 17:47:08","GeekNights 070425 - Four New Anime"
"1979","2007-04-26 23:30:29","GeekNights 070426 - Cop Out"
"2014","2007-05-02 23:31:40","GeekNights 070502 - Four More New Anime"
"2018","2007-05-03 23:14:34","GeekNights 070503 - Meta GeekBack/Listener's Choice"
"2050","2007-05-08 01:02:53","GeekNights 070507 - Computer Cases"
"2120","2007-05-17 10:39:20","GeekNights 070516 - Ghost in the Shell: Stand Alone Complex both gigs"
"2133","2007-05-19 12:50:47","GeekNights Experimental Launch"
"2229","2007-06-01 22:39:30","I certainly hope Geeknights isn't podfading."
"2270","2007-06-08 11:35:07","GeekNights 070607 - Horatio Hornblower"
"2274","2007-06-08 19:24:12","Applegeeks Plug"
"2379","2007-06-21 11:32:28","Atomic Warrior: Valiant Denim!!"
"2411","2007-06-26 02:08:37","Digg's search."
"2477","2007-07-02 15:32:25","Who was a listener from the start?"
"2608","2007-07-18 14:19:46","GeekNights 070716 and the worms"
"2623","2007-07-21 20:24:29","Get next week's GeekNights early."
"2651","2007-07-26 17:10:54","Downloading the latest ep."
"2689","2007-08-02 14:19:42","Podcast Review Segment"
"2718","2007-08-06 14:17:35","Rym's Scream of Fury"
"2738","2007-08-09 09:52:45","Buffalo vs Lion vs Gator"
"2762","2007-08-12 00:29:50","How about releasing an OGG stream?"
"2937","2007-09-03 14:56:54","RFC: Frontrowcrew.com Redesign"
"3065","2007-09-20 13:43:48","How many have gone back and listened to every episode?"
"3066","2007-09-20 13:53:37","Experimental Feed - Final Thoughts"
"3075","2007-09-21 16:18:38","GeekNights 070920 How not to suck at college part 1"
"3100","2007-09-25 10:05:29","Ask Rym & Scott - Monday Sci/Tech"
"3109","2007-09-26 22:47:04","Old Episodes"
"3110","2007-09-26 22:49:42","GeekNights Special 014 - This is Not a Charity!"
"3114","2007-09-27 12:57:58","Are the MP3 tags missing?"
"3139","2007-10-02 12:36:12","Ask Rym & Scott - Wednesday Anime, Manga, Comics"
"3145","2007-10-03 07:36:19","GeekNights 071002 - The Burning Wheel"
"3194","2007-10-12 11:07:21","GeekNights 071011 - Dumpster Diving"
"3212","2007-10-16 11:06:59","Question Show"
"3260","2007-10-24 10:34:12","Pronunciation of \"ubiquitous\""
"3324","2007-10-31 23:43:26","GeekNights 071031 - Apolloâ€™s Song"
"3383","2007-11-09 20:58:37","The Shit-Talking Prevention Thread"
"3402","2007-11-13 09:25:22","GeekNights 071112 - Surround Sound"
"3407","2007-11-13 22:57:30","GeekNights 071113 - Scott's Achievement Rant"
"3408","2007-11-14 11:25:30","Aeron Chair"
"3511","2007-12-02 18:56:50","20071202 - The Outtakes Reel"
"3517","2007-12-03 22:38:44","GeekNights Special 015 - Verizon"
"3519","2007-12-04 20:16:21","GeekNights 071204 - Questions Week: Gaming"
"3558","2007-12-12 22:41:32","GeekNights 071212 - New York Anime Festival 2007"
"3594","2007-12-22 23:28:29","Our New Xenyx 1832FX Mixer"
"3611","2007-12-26 10:20:27","Do you disagree?"
"3631","2007-12-31 13:41:12","How is Geek Nights audio produced?"
"3634","2008-01-01 19:46:25","Would GeekNights be as popular if it weren't a daily?"
"3636","2008-01-02 00:49:23","First Geeknights of 2008"
"3659","2008-01-07 06:31:07","DNA Art?"
"3665","2008-01-08 22:19:57","Interview Suggestions"
"3671","2008-01-09 22:58:33","Trouble downloading Geeknights"
"3683","2008-01-12 02:39:14","GeekNights 080109 - Bone"
"3715","2008-01-18 22:52:14","RFC - New design for frontrowcrew.com"
"3923","2008-02-27 22:45:51","GeekNights 080227 - Katsucon 14: part 1"
"3971","2008-03-06 19:33:39","Introducing others to Geeknights"
"3980","2008-03-08 02:04:07","GeekNights in Canada?"
"4018","2008-03-14 01:56:24","GeekNights 080313 - Untitled"
"4041","2008-03-17 23:38:28","GeekNights 080317 - What are programming languages?"
"4098","2008-03-24 06:06:19","Geeknights Radio"
"4172","2008-04-01 00:06:56","How much is 'mad money'?"
"4233","2008-04-07 14:03:16","FRC Video Coming Soon..."
"4371","2008-04-22 20:28:14","Probably not going to be an 080422 show"
"4376","2008-04-22 23:17:21","GeekNights 080422 - Yaoi Favorites"
"4436","2008-04-29 11:09:49","Geeknights Transcripts?"
"4466","2008-05-01 23:29:01","GeekNights 080501 - The Lounge"
"4476","2008-05-03 00:19:55","How I get my Geeknights"
"4561","2008-05-14 08:27:52","So have Geeknights suggested anything you've really hated?"
"4602","2008-05-19 22:42:19","GeekNights 080519 - Tech Talk Unleashed"
"4627","2008-05-21 22:34:48","GeekNights 080521 - How To Get Other People Into Anime"
"4638","2008-05-23 08:33:36","GeekNights 080522 - Geek Profiles: Gerald"
"4659","2008-05-27 22:30:04","GeekNights 080527 - Dr. Mario"
"4671","2008-05-29 11:39:13","How to Move Forward?"
"4689","2008-06-02 21:13:31","GeekNights 080602 - Denial of Service"
"4705","2008-06-04 22:11:42","GeekNights 080604 - Toshokan Sensou"
"4737","2008-06-09 18:28:11","Geeknights logo? (preferrably in vector graphics)"
"4748","2008-06-10 22:34:58","GeekNights 080610 - Super Dodgeball"
"4768","2008-06-12 22:31:59","GeekNights 080612 - Dodgeball"
"4785","2008-06-16 22:40:37","GeekNights 080616 - Tech News Roundup"
"4808","2008-06-18 23:07:49","GeekNights 080618 - MoCCA Arts Festival 2008"
"4842","2008-06-24 22:29:46","GeekNights 080624 - Shadows over Camelot"
"4857","2008-06-26 23:12:01","GeekNights 080626 - The Darkness that Comes Before"
"4873","2008-06-30 22:11:00","GeekNights 080630 - How to Buy a Laptop"
"4905","2008-07-08 14:17:46","Why People Think Rym & Scott Are Gay: The Movie - Special Audio-only Edition for the Hard of Seeing"
"4909","2008-07-08 22:58:02","GeekNights 080708 - Tribes 2"
"4915","2008-07-10 23:07:02","GeekNights 080710 - Waiting in Line"
"4935","2008-07-14 22:20:50","GeekNights 080714 - iPhone"
"4987","2008-07-22 21:53:48","GeekNights 080722 - Mega Man"
"5005","2008-07-24 22:54:09","GeekNights 080724 - Dinner Demise"
"5037","2008-07-28 22:23:31","GeekNights 080728 - Stealing Wifi"
"5054","2008-07-30 22:01:00","GeekNights 080728 - The Surrogates"
"5088","2008-08-05 22:37:09","GeekNights 080805 - Nintendo DS Homebrew"
"5095","2008-08-06 23:50:54","GeekNights 080806 - Connecticon 2008"
"5155","2008-08-17 12:07:56","Done with the podcast"
"5162","2008-08-18 22:14:34","GeekNights 080818 - TI-8X Calculators"
"5168","2008-08-19 22:53:09","GeekNights 080819 - North and South"
"5174","2008-08-20 22:47:25","GeekNights 080820 - Otakon 2008"
"5203","2008-08-25 15:38:17","GeekNights Book Club: Snow Crash"
"5214","2008-08-26 22:16:43","GeekNights 080826 - Bionic Commando: Rearmed"
"5271","2008-09-03 23:09:56","GeekNights 080902 - PAX '08: Part 1"
"5276","2008-09-04 22:14:48","GeekNights 080904 - Seattle"
"5296","2008-09-08 20:57:05","09082008 - No Show"
"5304","2008-09-09 21:47:12","09082009 - No Show Again"
"5322","2008-09-11 20:36:56","Live Streaming Scott!"
"5358","2008-09-15 22:11:28","GeekNights 080915 - IPv6"
"5363","2008-09-16 21:49:41","GeekNights 080916 - PAX '08: Part 2"
"5370","2008-09-17 22:40:09","GeekNights 080917 - Neon Genesis Evangelion"
"5398","2008-09-23 23:00:41","GeekNights 080923 - PAX '08: Part 3"
"5418","2008-09-25 22:01:54","GeekNights 080925 - Snow Crash"
"5444","2008-09-29 22:18:49","GeekNights 080929 - Cloud Computing"
"5493","2008-10-07 21:37:10","GeekNights 081007 - Villa Paletti"
"5494","2008-10-08 12:52:29","Best of GeekNights Project Thread"
"5511","2008-10-09 21:34:26","GeekNights 081009 - Sandwiches"
"5528","2008-10-13 21:25:06","GeekNights 081013 - Old Computers"
"5533","2008-10-15 22:11:14","GeekNights 081015 - Political Manga"
"5565","2008-10-21 21:42:07","GeekNights 081021 - Multiwinia"
"5572","2008-10-23 22:09:26","GeekNights 081023 - College Dorm Stories"
"5603","2008-10-29 20:47:07","GeekNights 081029 - The Life and Times of Scrooge McDuck"
"5613","2008-11-02 22:08:52","Rym out this week"
"5656","2008-11-11 23:29:15","GeekNights 081111 - Why We Keep Playing the Same Old Games"
"5663","2008-11-13 21:33:21","GeekNights 081113 - Two Topics"
"5665","2008-11-14 16:50:46","Thing of the Day Spreadsheet"
"5673","2008-11-17 20:06:41","GeekNights 081117 - X Window System"
"5681","2008-11-19 22:33:39","GeekNights 081119 - Detroit Metal City"
"5699","2008-11-25 21:35:41","GeekNights 081125 - Left 4 Dead"
"5722","2008-12-01 22:03:24","GeekNights 081201 - Tech Hiring and more"
"5728","2008-12-03 21:28:30","GeekNights 081203 - Ordinary Victories"
"5747","2008-12-09 21:05:27","GeekNights 081209 - Agricola"
"5755","2008-12-11 22:02:17","GeekNights 081211 - A Wizard of Earthsea"
"5765","2008-12-15 22:26:06","GeekNights 081215 - Portable Words"
"5773","2008-12-17 23:05:28","GeekNights 081217 - The Sky Crawlers"
"5790","2008-12-23 22:57:55","GeekNights 081223 - Illuminati"
"5819","2009-01-05 21:26:37","GeekNights 090105 - Netbooks"
"5830","2009-01-07 21:45:34","GeekNights 090107 - KO Century Beast"
"5857","2009-01-13 21:56:51","GeekNights 090113 - Fallout 3"
"5872","2009-01-15 22:27:53","GeekNights 090115 - Faking Your Death"
"5885","2009-01-19 22:18:56","GeekNights 090119 - Overclocking"
"5896","2009-01-21 21:40:13","GeekNights 090121 - They Were Eleven"
"5910","2009-01-27 21:19:40","GeekNights 090127 - The Little Engine That Could Kill"
"5938","2009-02-03 22:02:22","GeekNights 090203 - Gravity Bone"
"5963","2009-02-09 22:06:40","GeekNights 090209 - Privacy and Location Services"
"5967","2009-02-11 22:19:02","GeekNights 090211 - Sword of the Stranger"
"5987","2009-02-17 21:48:55","GeekNights 090217 - SimSomething"
"5996","2009-02-19 22:05:50","GeekNights 090219 - A Farewell to Arms"
"6003","2009-02-20 21:55:11","Problem with the book club"
"6012","2009-02-23 22:50:04","GeekNights 090223 - Tech News Roundup"
"6020","2009-02-25 14:01:13","New Episode (02/23/09) Url is.."
"6021","2009-02-25 21:13:13","GeekNights 090225 - Astro Boy '80s"
"6038","2009-03-01 19:52:37","Will we every return to the olden days?"
"6043","2009-03-03 22:04:00","GeekNights 090303 - Quake Live"
"6058","2009-03-05 22:39:25","GeekNights 090305 - Laser Tag, Paintball, and Airsoft"
"6069","2009-03-09 22:46:47","GeekNights 090309 - Telecommuting"
"6081","2009-03-11 22:13:46","GeekNights 090311 - Pluto"
"6114","2009-03-17 22:13:58","GeekNights 090317 - Four Swords"
"6124","2009-03-19 22:19:45","GeekNights 090319 - Baseball"
"6136","2009-03-23 22:13:16","GeekNights 090323 - Tales of Chemistry"
"6143","2009-03-25 22:11:06","GeekNights 090325 - Cooking Master Boy and Chrome Shelled Regios"
"6153","2009-03-28 19:56:25","Operation Fanart"
"6162","2009-03-31 22:31:16","GeekNights 090331 - Game Marketing Exaggerations"
"6166","2009-04-01 10:13:07","Live Stream Tonight"
"6178","2009-04-06 21:40:18","GeekNights 090406 - Tech Bundle"
"6183","2009-04-08 19:13:51","GeekNights 090408 - Wednesday Bundle"
"6192","2009-04-12 19:53:56","My Room...  In 1998"
"6197","2009-04-14 21:52:03","Spooky Games"
"6209","2009-04-20 20:54:22","Open Everything NYC 2009"
"6238","2009-04-30 23:15:38","How to Not Suck at Restaurants"
"6248","2009-05-04 22:19:19","GeekNights 090504 - Typing"
"6257","2009-05-06 22:30:19","GeekNights 090506 - Monster"
"6266","2009-05-12 23:06:32","GeekNights 090512 - Retro Arcade Museum"
"6272","2009-05-14 22:05:41","GeekNights 20090514 - Kavalier and Clay"
"6283","2009-05-18 22:24:48","GeekNights 090518 - Computer Forensics"
"6299","2009-05-26 23:09:06","GeekNights 090526 - Tsuro and Oshi"
"6302","2009-05-27 22:26:55","GeekNights 090527 - Anime Boston 2009"
"6328","2009-06-01 22:32:50","GeekNights 090601 - Documentation Systems"
"6338","2009-06-04 22:57:56","GeekNights 090604 - Levels of Discourse"
"6344","2009-06-09 22:02:51","GeekNights 090609 - Muse Games Interview"
"6352","2009-06-11 22:42:00","GeekNights 090611 - Losing Things"
"6364","2009-06-15 21:40:10","GeekNights 090615 - Ticketing Systems"
"6383","2009-06-23 21:54:51","GeekNights 090623 - Gauntlet"
"6399","2009-06-29 22:51:24","GeekNights 090629 - HTML 5"
"6408","2009-07-01 22:19:48","GeekNights 090701 - How to Fix Anime Conventions"
"6420","2009-07-07 22:35:09","GeekNights 090707 - Cheating"
"6427","2009-07-09 21:41:59","GeekNights 090709 - Immortality"
"6434","2009-07-13 22:27:38","GeekNights 090713 - Full Disclosure"
"6456","2009-07-22 20:08:03","Scott Scott Robot"
"6468","2009-07-27 22:01:08","GeekNights 090727 - SSL Certificates"
"6474","2009-07-29 22:44:43","GeekNights 090729 - Otakon 2009"
"6486","2009-08-04 22:38:31","GeekNights 090804 - Hacienda"
"6496","2009-08-06 22:38:46","GeekNights 090806 - Connecticon 2009"
"6507","2009-08-10 21:43:40","GeekNights 090810 - SSH"
"6521","2009-08-12 21:45:03","GeekNights 090812 - GeekByte Medley"
"6543","2009-08-18 20:48:07","GeekNights 090818 - Games of Tron"
"6550","2009-08-20 22:03:42","GeekNights 090820 - Health Care"
"6560","2009-08-24 22:28:38","GeekNights 090824 - What If * Were Open Source?"
"6568","2009-08-26 21:17:08","GeekNights 090826 - Bokurano Review and Final Thoughts"
"6581","2009-09-01 21:25:55","GeekNights 090901 - PAX 2009 Preview"
"6595","2009-09-08 22:42:52","GeekNights 090908 - PAX 2009"
"6608","2009-09-14 21:13:46","GeekNights 090914 - Virtual Private Networking"
"6613","2009-09-16 21:54:12","GeekNights 090916 - Pokemon Adventures"
"6633","2009-09-22 22:10:12","GeekNights 090922 - Dominion"
"6645","2009-09-28 22:03:58","GeekNights 090928 - Tech News Roundup"
"6651","2009-09-30 21:54:00","GeekNights 090930 - Rewatching Anime"
"6664","2009-10-06 21:50:58","GeekNights 091006 - Castle Crashers"
"6670","2009-10-08 22:44:19","GeekNights 091008 - Steppenwolf"
"6695","2009-10-19 22:11:16","GeekNights 091019 - Use Your Tech!"
"6717","2009-10-28 21:05:08","GeekNights 091028 - Pax Romana"
"6730","2009-11-02 20:36:09","GeekNights 091102 - Internet Ruins"
"6739","2009-11-04 21:59:12","GeekNights 091104 - Giant Robo"
"6768","2009-11-10 23:31:05","GeekNights 091110 - MMORPGs - D&D Online"
"6778","2009-11-12 20:40:34","GeekNights 091112 - Couches"
"6814","2009-11-24 22:19:18","Observations from a year long listener"
"6818","2009-11-25 23:52:54","GeekNights 091124 - Ping"
"6831","2009-12-02 10:39:58","Questions Episode 2010"
"6917","2010-01-11 20:55:46","GeekNights 100111 - CES Roundup"
"6925","2010-01-13 21:45:17","GeekNights 100113 - Final Thoughts Master Keaton"
"6943","2010-01-20 22:15:50","GeekNights 20100119 - Street Fighting Secrets"
"6958","2010-01-25 21:35:16","GeekNights 20100125 - Tablet Computing"
"6980","2010-02-02 23:04:37","GeekNights 20100202 - NerdNYC Recess"
"6988","2010-02-04 22:40:51","GeekNights 100204 - Book Club: HHG2G"
"6997","2010-02-08 22:40:53","GeekNights 20100208 - Tech News Fail"
"7015","2010-02-16 10:17:49","GeekNights 100215 - Google Buzz and Privacy"
"7017","2010-02-16 11:52:26","An Extremely Miniscule Chance in Hell"
"7037","2010-02-23 23:13:02","GeekNights 20100223 - Why Hardcore MMORPGs Are Not Popular"
"7044","2010-02-24 21:36:17","GeekNights 20100224 - Medley of Anime Ending in \"a\""
"7054","2010-03-01 22:29:06","GeekNights 20100301 - New HTPC and People Don't Read"
"7057","2010-03-03 21:54:35","GeekNights 20100303 - Summer Wars"
"7065","2010-03-06 15:55:38","Streaming something live"
"7072","2010-03-09 20:55:03","GeekNights 20100309 - Paranoia"
"7078","2010-03-11 21:53:47","GeekNights 20100311 - Avatar"
"7086","2010-03-16 08:01:32","What Happened to Programming?"
"7095","2010-03-17 21:17:47","GeekNights 100317 - Oh Shit, It's Wolverine!"
"7108","2010-03-23 22:35:23","GeekNights 20100323 - PAX East Survival Guide"
"7142","2010-04-06 22:43:04","GeekNights 20100406 - PAX East Wrap-Up"
"7158","2010-04-13 01:20:35","GeekNights 20100412 - The Smart Phone Situation"
"7168","2010-04-15 02:44:53","GeekNights 20100414 - MoCCA Festival 2010"
"7184","2010-04-21 01:58:37","GeekNights 20100420 - Might and Magic: Clash of Heroes"
"7193","2010-04-23 02:13:19","GeekNights 20100422 - Living in The City"
"7204","2010-04-29 01:40:37","GeekNights 20100428 - Comics From The MoCCA"
"7211","2010-05-05 02:32:18","GeekNights 20100504 - A Bunch of Dwarves"
"7216","2010-05-07 02:14:16","GeekNights 20100506 - Time Travel"
"7224","2010-05-13 01:48:05","GeekNights 20100512 - Anime Scott Fell Asleep Watching"
"7225","2010-05-13 02:16:11","Libsyn Migration"
"7236","2010-05-19 02:57:55","GeekNights 20100518 - Real Time Strategy Games"
"7238","2010-05-19 19:15:15","Google Wave Shownotes"
"7244","2010-05-21 00:31:37","GeekNights 20100520 - Bread"
"7251","2010-05-25 01:27:20","GeekNights 20100524 - \"NoSQL\" Databases"
"7276","2010-06-02 01:27:42","GeekNights 20100601 - Zooloretto"
"7295","2010-06-08 02:40:25","GeekNights 20100607 - Cyberization"
"7307","2010-06-10 02:07:08","GeekNights 20100609 - Spell of the Unown"
"7331","2010-06-15 19:35:51","GeekNights 20100615 - Bidding Games"
"7338","2010-06-17 21:22:48","GeekNights 20100617 - Carl Sagan's Cosmos"
"7346","2010-06-21 23:23:13","GeekNights 20100621 - Network Neutrality"
"7364","2010-06-29 23:19:47","GeekNights 20100629 - Shock"
"7370","2010-07-01 22:20:29","GeekNights 20100701 - Non-Legos"
"7387","2010-07-13 20:26:50","GeekNights 20100713 - The Legend of Zelda"
"7397","2010-07-15 20:01:57","GeekNights 20100715 - ConnectiCon 2010"
"7411","2010-07-20 20:54:28","GeekNights 20100720 - Chicago Express and Roll Through the Ages"
"7412","2010-07-21 09:35:37","The Book Club problem."
"7413","2010-07-21 10:55:48","GeekNights and/or Front Row Crew Newsletter"
"7415","2010-07-22 18:00:31","GeekNights 20100722 - Book Club: The Lies of Locke Lamora"
"7429","2010-07-27 23:32:29","GeekNights 20100727 - Luke and Jared on RPGs"
"7434","2010-07-28 22:34:33","GeekNights 20100728 - Durarara"
"7446","2010-08-03 22:33:10","GeekNights 20100802 - Automatic Killing Machines"
"7450","2010-08-04 21:55:24","GeekNights 20100804 - Final Thoughts: Scott Pilgrim"
"7474","2010-08-16 12:57:52","GeekNights General Gathering"
"7476","2010-08-17 22:22:15","GeekNights 20100817 - Expansion Packs"
"7488","2010-08-21 10:36:39","GeekNights 20100819 - Scott Pilgrim: The Movie"
"7493","2010-08-23 21:46:38","GeekNights 20100822 - Zealotry in the Tech World"
"7499","2010-08-25 21:08:26","GeekNights 20100825 - Gedo Senki - Tales from Earthsea"
"7550","2010-09-07 22:06:56","GeekNights 20100906 - Vanilla Forums with Mark O'Sullivan"
"7552","2010-09-08 22:16:14","GeekNights 20100908 - Futurama"
"7563","2010-09-14 22:33:36","GeekNights 20100914 - PAX Prime 2010 - The Games"
"7567","2010-09-16 20:27:09","GeekNights 20100916 - PAX Prime 2010 - The Con"
"7576","2010-09-20 20:57:30","GeekNights 20100920 - Manned Space Exploration can Wait"
"7584","2010-09-22 21:21:41","GeekNights 20100922 - The Sword"
"7588","2010-09-24 10:12:42","Best GeekNights Episodes"
"7605","2010-09-28 23:01:10","GeekNights 20100928 - Monaco"
"7623","2010-09-30 19:42:57","GeekNights 20100930 - Book Club: Golden Apples of the Sun"
"7638","2010-10-04 22:52:59","GeekNights 20101004 - The Mysterious Electron"
"7645","2010-10-06 19:50:55","GeekNights 20101006 - New 2010 Anime"
"7659","2010-10-12 22:28:12","GeekNights 20101012 - Boggle Boggle!"
"7667","2010-10-14 23:15:09","GeekNights 20101014 - Burgle Burgle!"
"7675","2010-10-18 22:34:05","GeekNights 20101018 - October Tech News Roundup"
"7716","2010-10-21 11:56:20","GeekNights 20101020 - Flying Ghost Ship"
"7730","2010-10-26 22:12:15","GeekNights 20101026 - Civilization V"
"7734","2010-10-28 22:08:18","GeekNights 20101028 - Spiritual Experiences with Luke Burrage"
"7743","2010-11-01 23:57:36","GeekNights 20101101 - Science Education"
"7749","2010-11-04 00:05:50","GeekNights 20101103 - Eden of the East"
"7761","2010-11-09 23:02:40","GeekNights 20101109 - Renting Games"
"7769","2010-11-11 23:12:19","GeekNights 20101111 - Protest: Rallies, Riots, Revolutions"
"7781","2010-11-15 23:00:56","GeekNights 20101115 - The Internets"
"7785","2010-11-17 23:06:02","GeekNights 20101117 - Looney Tunes"
"7800","2010-11-23 21:19:45","GeekNights 20101123 - Pacman"
"7802","2010-11-24 15:18:53","The GeekNights Store Thread"
"7816","2010-11-30 10:53:25","GeekNights 20101129 - The Technology of Wikileaks"
"7832","2010-12-04 01:56:32","Introduction to include the year"
"7840","2010-12-07 20:23:33","GeekNights 20101207 - Rampart"
"7849","2010-12-09 23:18:23","GeekNights 20101209 - World War Z"
"7853","2010-12-13 23:05:43","GeekNights 20101213 - Abstraction"
"7866","2010-12-15 21:24:30","GeekNights 20101215 - Apocalypse Zero"
"7877","2010-12-21 23:06:05","GeekNights 20101221 - Bomberman"
"7885","2010-12-27 20:03:10","GeekNights 20101227 - Tech Predictions 2010-2011"
"7893","2010-12-30 22:44:54","GeekNights 20101230 - The Historicity of the Bible with Luke Burrage"
"7896","2011-01-02 12:45:01","GeekNights Praising Blog Post"
"7912","2011-01-04 20:34:11","GeekNights 20110104 - Super Meat Boy"
"7916","2011-01-06 22:26:42","GeekNights 20110106 - Oldening"
"7922","2011-01-10 22:11:18","GeekNights 20110110 - The Death of the Personal Computer"
"7928","2011-01-12 21:21:11","GeekNights 20110112 - Who Framed Roger Rabbit?"
"7959","2011-01-25 22:05:06","GeekNights 20110125 - MAGFest 9"
"7966","2011-01-27 23:12:29","GeekNights 20110127 - Burger Time!"
"7972","2011-01-31 23:16:20","GeekNights 20110131 - Egypt vs. The Internet"
"7977","2011-02-02 22:36:24","GeekNights 20110202 - Subs and Dubs"
"7992","2011-02-08 22:11:33","GeekNights 20110208 - The PAX Boston 2011 Pregame Show"
"7997","2011-02-11 14:01:25","GeekNights 20110211 - COSplay"
"8008","2011-02-14 23:06:11","GeekNights 20110214 - IBM's Watson"
"8017","2011-02-16 22:44:19","GeekNights 20110216 - Mahou Tsukai Tai OAV"
"8039","2011-02-24 23:25:15","GeekNights 20110224 - Unions"
"8047","2011-02-27 22:49:14","Missing Episodes"
"8051","2011-02-28 22:39:34","GeekNights 20110228 - Model Rocketry"
"8060","2011-03-02 20:49:26","GeekNights 20110302 - My Little Pony: Friendship is Magic"
"8073","2011-03-07 14:52:16","Best Sample Episodes?"
"8077","2011-03-08 21:55:27","GeekNights 20110308 - Tales of the Arabian Nights"
"8097","2011-03-17 22:42:56","GeekNights 20110317 - Bicycles"
"8110","2011-03-22 21:52:43","GeekNights 20110322 - PAX East 2011 and Spot It"
"8123","2011-03-28 22:08:33","GeekNights 20110328 - Logs"
"8125","2011-03-30 21:31:59","GeekNights 20110330 - Digital Comic Distribution"
"8134","2011-04-05 21:40:04","GeekNights 20110405 - Yomi: Fantasy Strike"
"8141","2011-04-07 20:38:02","GeekNights 20110407 - Book Club: Hyperspace"
"8156","2011-04-11 21:17:13","GeekNights 20110411 - SNMP"
"8164","2011-04-13 21:32:03","GeekNights 20110413 - MoCCA Festival 2011"
"8192","2011-04-20 22:16:11","GeekNights 20110419 - 7 Wonders"
"8207","2011-04-27 21:26:39","GeekNights 20110427 - Castle Waiting"
"8219","2011-05-03 20:29:11","GeekNights 20110503 - Portal 2"
"8238","2011-05-08 13:18:40","GeekNights 20110505 - Assassination, Libya, and Osama bin Laden"
"8243","2011-05-09 21:49:11","GeekNights 20110509 - Memory"
"8253","2011-05-11 01:41:02","Missing episodes?"
"8258","2011-05-11 21:35:05","GeekNights 20110511 - How we got into it"
"8276","2011-05-17 21:31:45","GeekNights 20110517 - Diplomacy"
"8282","2011-05-19 22:38:11","GeekNights 20110519 - Total Recall"
"8292","2011-05-24 22:38:16","GeekNights 20110523 - Corporate Training"
"8293","2011-05-25 09:08:33","GeekNights TV Tropes Page"
"8294","2011-05-25 23:03:30","GeekNights 20110525 - Hajime no Ippo"
"8309","2011-05-31 21:03:48","GeekNights 20110531 - R-Eco and Battle Line"
"8326","2011-06-02 22:11:58","GeekNights 20110602 - Gameshows"
"8335","2011-06-06 21:23:49","GeekNights 20110606 - Cooling Computers"
"8348","2011-06-08 22:47:46","GeekNights 20110608 - Hipira and Wakfu"
"8349","2011-06-09 23:29:25","Episode Idea - Bill Nye the Science Guy"
"8364","2011-06-14 22:55:05","GeekNights 20110614 - Hardcored into a Corner"
"8381","2011-06-20 20:30:12","GeekNights 20110620 - DNS Today"
"8384","2011-06-22 20:20:48","GeekNights 20110622 - Anime Only Rym or Scott has Seen"
"8405","2011-06-28 19:07:41","GeekNights 20110628 - Small World"
"8413","2011-06-30 20:48:07","GeekNights 20110630 - Supermarkets"
"8415","2011-07-01 07:32:56","Worst Web-Comic Contest!"
"8435","2011-07-14 22:54:13","GeekNights 20110714 - Nothing"
"8441","2011-07-18 21:57:45","GeekNights 20110718 - Face Recognition and Federated Clouds"
"8446","2011-07-20 21:32:27","GeekNights 20110720 - Galaxy Express 999 Movie"
"8447","2011-07-21 09:17:01","(redacted)"
"8454","2011-07-22 20:42:52","New frontrowcrew.com and Facebook"
"8468","2011-07-26 23:06:53","GeekNights 20110726 - Half-Minute Hero"
"8473","2011-07-28 23:54:56","GeekNights 20110728 - Horror"
"8477","2011-08-01 23:18:57","GeekNights 20110801 - Git"
"8482","2011-08-03 22:35:44","GeekNights 20110803 - Anime We Want to See"
"8496","2011-08-09 23:37:20","GeekNights 20110809 - Taluva and Reef Encounter"
"8503","2011-08-11 22:23:38","GeekNights 20110811 - Play Dead"
"8504","2011-08-11 22:47:29","GeekNights 20110731 - Foundation"
"8526","2011-08-17 23:43:26","GeekNights 20110817 - Arrietty the Borrower"
"8527","2011-08-18 18:38:47","GeekNights 20110815 - HTPCs"
"8559","2011-08-31 21:16:36","GeekNights 20110831 - Puella Magi Madoka Magica"
"8574","2011-09-06 22:24:58","GeekNights 20110906 - PAX Prime 2011"
"8590","2011-09-12 21:00:35","GeekNights 20110912 - The Tech News that Wasn't"
"8594","2011-09-14 21:38:13","GeekNights 20110914 - Final Thoughts: Puella Magi Madoka Magica [Spoilers]"
"8603","2011-09-20 22:24:32","GeekNights 20110920 - Hive"
"8614","2011-09-23 22:47:20","GeekNights 20110922 - Weddings"
"8618","2011-09-26 22:16:51","GeekNights 20110926 - Link Rot"
"8621","2011-09-28 21:49:13","GeekNights 20110928 - GeekNights Worst Webcomic Contest"
"8633","2011-10-01 12:28:21","GeekNights WP7 Mobile App"
"8645","2011-10-04 23:04:17","GeekNights 20111004 - Rock of Ages"
"8649","2011-10-06 23:12:24","GeekNights 20111006 - Shoes and Handbags"
"8652","2011-10-10 22:13:26","GeekNights 20111010 - Databases of Facts"
"8658","2011-10-12 22:44:09","GeekNights 20111012 - The New 52: Week One"
"8675","2011-10-18 23:17:11","GeekNights 20111018 - Video Game Reviews"
"8682","2011-10-20 23:07:22","GeekNights 20111020 - Making Sushi Special"
"8692","2011-10-24 20:00:41","GeekNights 20111024 - Amazon Web Services"
"8696","2011-10-26 20:00:52","GeekNights 20111026 - The New 52: Week Two"
"8714","2011-11-01 22:38:48","GeekNights 20111101 - Ricochet Robots and Set"
"8718","2011-11-03 21:17:39","GeekNights Book Club - The Ear, the Eye, and the Arm"
"8739","2011-11-16 11:21:46","GeekNights 20111115 - Jared Sorensen"
"8743","2011-11-18 21:59:08","GeekNights 20111117 - Emily and Rym in Japan"
"8746","2011-11-22 12:40:31","GeekNights 20111121 - Circumventing SOPA"
"8761","2011-11-29 22:21:02","GeekNights 20111129 - 100 Percent in Games"
"8781","2011-12-16 08:50:15","GeekNights 20111215 How We Do the Show with Rym"
"8794","2011-12-27 22:36:41","Searching for an old episode..."
"8818","2012-01-13 17:18:37","I think I found Scott's evil doppelgänger"
"8824","2012-01-18 09:07:18","When did GeekNights cut down from four weekly episodes?"
"8841","2012-01-30 23:00:14","GeekNights 20120124 - Strategy Guides"
"8876","2012-02-22 21:33:01","GeekNights 20120221 - A Thousand and One Nights"
"8910","2012-03-20 22:59:12","New Episode - Trigger and Abobo's Big Adventure"
"8912","2012-03-22 23:37:14","GeekNights: Rym in India Part One"
"8917","2012-03-26 23:17:06","GeekNights Episode: Tech News Roundup March 2012"
"8928","2012-04-03 23:23:13","04030212 - PAX East 2012 and Angry Birds Space"
"8948","2012-04-19 20:30:41","GeekNights Book Club: The Hunger Games"
"8956","2012-04-25 22:40:38","GeekNights 20120425 - Lupin III: The Woman Called Fujiko Mine"
"8966","2012-05-10 10:37:17","GeekNights 20120509 - Once Popular Anime and \"The Churn\""
"8978","2012-05-28 22:37:04","The Website is Upgraded!"
"8983","2012-06-04 22:35:42","GeekNights Thursday - Rym Returns from Istanbul"
"8984","2012-06-04 22:59:48","Album Art Assistance"
"8989","2012-06-07 21:44:45","GeekNights Monday - Government Hackers"
"8995","2012-06-14 21:59:58","GeekNights Thursday - Hats"
"8998","2012-06-18 20:54:52","GeekNights Monday - Laptops in 2012"
"9001","2012-06-20 23:33:03","GeekNights Wednesday - Polar Bear Cafe, Kids on the Slope, Japanese Folktales"
"9002","2012-06-20 23:43:08","Video Section Added to Site"
"9006","2012-06-26 21:33:32","GeekNights Tuesday - Cards Against Humanity and Real Money Auction Houses"
"9015","2012-06-29 12:45:28","Radio Free Equestria 08 - Changeling Origins"
"9016","2012-06-30 12:03:07","GeekNights Newsletter"
"9018","2012-07-02 20:46:05","GeekNights Monday - Hardware Lockdown and Secure Boot"
"9019","2012-07-03 11:49:02","Geeknights Monday -- Hardware Lockdown and Secure Boot"
"9022","2012-07-06 19:25:28","Radio Free Equestria 09 - Changeling Emotions"
"9030","2012-07-11 07:51:19","GeekNights Tuesday - Pokemon Conquest"
"9037","2012-07-18 23:53:02","GeekNights Wednesday - Incal"
"9043","2012-07-22 20:14:18","GeekNights at PAX Prime and PAX Dev"
"9046","2012-07-24 23:21:54","GeekNights Tuesday - Takenoko"
"9053","2012-07-26 22:51:12","GeekNights Book Club - 1Q84: Book Club Review"
"9055","2012-07-30 16:21:27","Rym on Friday Night Party Line ep57"
"9057","2012-07-30 22:56:26","GeekNights Monday - Technical Certifications"
"9058","2012-07-31 08:37:00","Let's Play Money Making Game: PAX East 2012"
"9066","2012-08-07 22:29:16","GeekNights Tuesday - Tournaments"
"9067","2012-08-08 12:58:07","GeekNights Live at PAX Prime/Dev 2012!"
"9068","2012-08-09 20:53:54","GeekNights Thursday - Tickets"
"9073","2012-08-13 23:18:40","GeekNights Monday- Paying for Stuff"
"9075","2012-08-14 23:05:10","PAX East 2012 Highlights"
"9076","2012-08-15 20:55:37","GeekNights Wednesday - The Ranks of the Black Order"
"9077","2012-08-15 22:47:12","Book Club - The Man Who Was Thursday by G. K. Chesterton"
"9082","2012-08-21 22:28:36","GeekNights Tuesday - CounterStrike GO First Thoughts"
"9085","2012-08-27 13:43:57","PAX Prime 2012"
"9100","2012-09-10 23:14:58","GeekNights Monday - My Phone is Too Big and a Tech News Roundup"
"9105","2012-09-11 23:21:39","Makoto Shinkai at NYCC 2011"
"9106","2012-09-12 21:41:29","GeekNights Wednesday - Guest Hosts: Ub Iwerks"
"9111","2012-09-14 09:10:28","PAX Prime 2012"
"9115","2012-09-18 23:05:16","GeekNights Tuesday - PAX Prime 2012 and the LoL Championships"
"9127","2012-09-30 10:10:00","PAX Prime 2012: When the Game Plays the Player"
"9130","2012-10-02 22:52:20","GeekNights Tuesday - FTL"
"9133","2012-10-04 20:03:16","GeekNights Book Club - The Man Who Was Thursday: A Nightmare"
"9134","2012-10-04 21:25:25","Book Club - The Name of the Wind by Patrick Rothfuss"
"9140","2012-10-08 08:53:47","PAX Prime 2012 - A Competitive Test of Skill"
"9146","2012-10-08 22:26:47","GeekNights Monday - Hardware Sabotage"
"9152","2012-10-10 21:37:09","GeekNights Wednesday - Gravity Falls"
"9153","2012-10-11 08:51:59","Goofy Skeleton Spike"
"9155","2012-10-11 19:26:22","PAX Prime 2012 - On the Ethics of Mind Control"
"9159","2012-10-15 19:43:01","The Name of the Wind: He Took an Arrow to the Knee"
"9160","2012-10-16 23:35:36","GeekNights Tuesday - Traders of Genoa"
"9161","2012-10-16 23:48:44","Fucked episodes of GeekNights"
"9162","2012-10-18 21:47:04","GeekNights Thursday - Real Haunted Houses"
"9168","2012-10-21 12:52:30","Which Episode Was That?"
"9170","2012-10-22 20:41:51","GeekNights Monday - Contributing to Open Source Projects"
"9171","2012-10-23 08:27:29","Luna, Woona, and Nightmare Moon"
"9173","2012-10-24 21:24:04","GeekNights Wednesday - One Piece 6: Baron Omatsuri and the Secret Island"
"9181","2012-11-01 21:49:23","GeekNights Thursday - Hurricane Sandy"
"9186","2012-11-05 22:14:24","GeekNights Monday - Internet Relay Chat"
"9190","2012-11-07 22:34:04","GeekNights Wednesday - Area 88: The Blue Skies of Betrayal"
"9193","2012-11-11 10:41:06","The Crystal Empire"
"9195","2012-11-12 23:33:58","Official GeekNights CounterStrike: GO Server"
"9199","2012-11-13 22:39:42","GeekNights Tuesday - Burning Con 2012"
"9201","2012-11-15 21:34:35","GeekNights Book Club - The Name of the Wind"
"9203","2012-11-16 08:55:34","The Kingkiller Chronicle"
"9204","2012-11-18 12:43:07","Too Many Pinkie Pies"
"9206","2012-11-19 22:13:43","GeekNights Monday - Adam Becker - The Freelance Astrophysicist"
"9208","2012-11-21 23:26:46","GeekNights Presents Utena: ep00"
"9210","2012-11-23 18:15:05","Radio Free Equestria 13 - Oranges and Clouds"
"9214","2012-11-27 21:02:42","GeekNights Tuesday - Seasons"
"9217","2012-11-29 22:27:07","GeekNights Thursday - Conrad Kreyling"
"9218","2012-11-30 08:57:17","GeekNights Presents Utena: ep01"
"9222","2012-12-03 23:11:21","GeekNights Monday - Network Sniffing and Programmers"
"9226","2012-12-05 23:17:12","GeekNights Presents Utena: ep02a"
"9232","2012-12-11 07:12:47","GeekNights Presents Utena: ep02"
"9233","2012-12-11 20:15:06","GeekNights Tuesday - How to Not Suck at Taking Your Turn"
"9238","2012-12-14 22:38:56","GeekNights Thursday - Off the Grid Geeks"
"9240","2012-12-17 21:24:48","GeekNights Monday - Internet Governance"
"9243","2012-12-19 14:21:19","All Episodes Archive Feed"
"9244","2012-12-19 23:57:48","GeekNights Wednesday - Winter Anime 2012-2013"
"9249","2012-12-26 22:02:06","GeekNights Tuesday - Hotline Miami"
"9253","2012-12-28 12:54:58","Radio Free Equestria 14 - The Alicorn Amulet"
"9257","2013-01-02 13:48:31","GeekNights Live at MAGFest 11"
"9263","2013-01-08 22:54:36","GeekNights Tuesday - MAGFest 11 and Three Board Games"
"9264","2013-01-09 00:20:11","Super Art Fight at MAGFest XI"
"9266","2013-01-09 23:34:45","Shorty awards."
"9270","2013-01-12 10:06:19","Beyond Candyland - MAGFest 11"
"9279","2013-01-19 00:23:29","GeekNights Presents Utena: ep03"
"9282","2013-01-21 11:41:54","MAGFest 11 - Video Game Genres"
"9284","2013-01-22 21:24:16","GeekNights Tuesday - Impressions of Android:Netrunner"
"9285","2013-01-22 21:51:20","Book Club - The Great Gatsby by F. Scott Fitzgerald"
"9287","2013-01-24 23:18:58","GeekNights Thursday - Parking"
"9292","2013-01-30 20:46:32","GeekNights Wednesday - Star Wars and Saga"
"9299","2013-02-04 09:07:26","MAGFest Gaming Intellectuals - Video Game Ethics"
"9300","2013-02-05 22:40:45","GeekNights Tuesday - Adventure Games"
"9306","2013-02-07 21:45:45","GeekNights Thursday - Fake Geeks"
"9316","2013-02-11 20:36:36","GeekNights Monday - Routers"
"9325","2013-02-17 14:28:55","GeekNights Presents Utena: ep04"
"9327","2013-02-19 22:30:09","GeekNights Tuesday - Glory to Rome"
"9330","2013-02-21 22:34:49","GeekNights Book Club - The Great Gatsby"
"9334","2013-02-25 20:47:51","GeekNights Monday - Augmented Reality"
"9336","2013-02-27 20:20:12","GeekNights Wednesday - My Little Pony: Friendship is Magic comic"
"9337","2013-02-28 23:59:20","Grand Prix Round 1 - CANABALT"
"9344","2013-03-05 23:06:57","GeekNights Tuesday - Why Nobody can Find a Gaming Group"
"9346","2013-03-07 14:51:14","GeekNights Lectures at PAX East 2013"
"9347","2013-03-09 11:27:19","Grand Prix Round 2 - Backgammon - UPDATED"
"9348","2013-03-11 08:37:32","GeekNights Presents Utena: ep05"
"9352","2013-03-12 00:09:50","GeekNights Monday - Everyday Technology"
"9359","2013-03-14 22:23:23","GeekNights Wednesday - Wolf Children"
"9363","2013-03-17 09:50:50","GeekNights Presents Utena: ep06"
"9373","2013-03-26 15:02:42","Back from PAX East 2013!"
"9378","2013-04-01 21:48:04","Practical Game Theory"
"9379","2013-04-02 23:07:37","GeekNights Tuesday - Ground Floor and some PAX"
"9387","2013-04-08 22:54:36","GeekNights Monday - High Bandwidth Content Distribution"
"9389","2013-04-10 20:29:45","GeekNights Wednesday - MoCCA Fest 2013"
"9391","2013-04-14 12:26:51","Book Club - The Player of Games by Ian M. Banks"
"9394","2013-04-16 10:20:04","Ancient GeekNights"
"9397","2013-04-16 22:34:28","GeekNights Tuesday - Games only Scott Likes"
"9399","2013-04-18 20:36:03","GeekNights Thursday - Drugs"
"9401","2013-04-22 13:44:54","GeekNights in Australia - PAX AUS 2013"
"9403","2013-04-22 22:49:49","GeekNights Monday - RSS and Google Reader"
"9408","2013-04-24 20:03:55","GeekNights Wednesday - Anime we're not watching"
"9410","2013-04-28 18:13:18","Mastering Game Mechanics"
"9413","2013-04-30 20:59:21","GeekNights Tuesday - Monaco: What's Yours is Mine"
"9418","2013-05-02 20:42:31","GeekNights Thursday - Camping"
"9420","2013-05-06 20:56:57","GeekNights Monday - When your Meat Dies"
"9422","2013-05-07 08:19:26","Grand Prix Round 3 - Galaga"
"9425","2013-05-08 23:53:12","GeekNights Wednesday - Adventure Time!"
"9430","2013-05-14 21:46:41","GeekNights Tuesday - Passwords and Cheat Codes"
"9437","2013-05-19 19:08:14","Anime Boston 2013 - GeekNights Live!"
"9438","2013-05-20 11:05:06","GeekNights Presents Utena: ep07"
"9439","2013-05-20 21:25:51","GeekNights Monday - Tech News Roundup May 2013"
"9446","2013-05-28 20:07:22","GeekNights Tuesday - King of Tokyo"
"9450","2013-05-30 22:34:41","GeekNights Thursday - Farts"
"9454","2013-06-03 21:40:59","GeekNights Monday - Software Testing"
"9456","2013-06-05 22:48:53","GeekNights Wednesday - Shin Sekai Yori - Final Thoughts"
"9461","2013-06-09 22:43:02","Overheard at Anime Boston"
"9462","2013-06-10 22:42:14","Judge Anime By Its Cover"
"9464","2013-06-12 00:00:50","GeekNights Tuesday - Console Gaming in 2013"
"9468","2013-06-13 21:58:28","GeekNights Book Club - The Player of Games"
"9474","2013-06-19 22:10:50","GeekNights Wednesday - Little Witch Academia"
"9486","2013-06-27 02:55:37","Is the site down for anyone else?"
"9487","2013-06-27 23:00:57","GeekNights Thursday - Robert's Rules of Order"
"9491","2013-06-29 18:39:50","GeekNights Presents Utena: ep08"
"9492","2013-07-01 23:05:37","GeekNights Monday - The Levels of Protecting Your Privacy"
"9497","2013-07-03 21:59:49","GeekNights Wednesday - Those Anime Badasses"
"9500","2013-07-06 21:21:47","GeekNights at ConnectiCon 2013"
"9504","2013-07-09 23:23:14","GeekNights Tuesday - Hanabi"
"9506","2013-07-10 09:25:23","Threats in Games"
"9513","2013-07-25 18:45:49","Thank you Melbourne!"
"9521","2013-08-02 20:16:09","We Chose Optus (Poorly)"
"9522","2013-08-03 09:38:01","Definitions of Game - Orthogame and Idiogame"
"9525","2013-08-06 23:34:20","GeekNights Tuesday - PAX Australia 2013"
"9527","2013-08-09 08:12:59","GeekNights Thursday - GeekNights in Australia part 1"
"9531","2013-08-12 23:03:41","GeekNights Monday - Google Glass First Look"
"9537","2013-08-20 12:35:55","Character Sheets and Storytelling"
"9539","2013-08-20 23:23:59","GeekNights Tuesday - Innovation and Village"
"9540","2013-08-23 00:12:59","GeekNights Thursday - GeekNights in Australia part 2"
"9544","2013-08-26 22:50:20","GeekNights Monday - Online Gambling Technology"
"9548","2013-08-28 15:28:12","Live at PAX Prime 2013!"
"9549","2013-08-28 21:49:06","GeekNights Wednesday - Attack on Titan"
"9557","2013-09-05 18:16:06","Grand Prix Round 4 - Hacienda"
"9558","2013-09-08 19:22:00","Bad Games - PAX Prime 2013"
"9559","2013-09-09 22:46:25","GeekNights Monday - Motherboards"
"9561","2013-09-11 23:15:54","GeekNights Wednesday - Disney's Aladdin"
"9568","2013-09-17 21:09:55","GeekNights Tuesday - Saltybet"
"9569","2013-09-17 23:36:29","Book Club - Stasiland by Anna Funder"
"9583","2013-10-01 21:48:41","GeekNights Tuesday - Gaming News Roundup"
"9587","2013-10-03 23:19:44","GeekNights Thursday - Government Shutdowns"
"9589","2013-10-07 22:00:30","GeekNights Monday - Server Room Cooling Adventures"
"9591","2013-10-09 20:29:48","GeekNights Wednesday - Attack on Titan Season 1"
"9595","2013-10-15 20:47:42","GeekNights Tuesday - Neuroshima Hex!"
"9604","2013-10-23 20:20:37","GeekNights Wednesday - Take the X Train"
"9610","2013-10-31 15:05:17","GeekNights Tuesday - Burning Con 2013"
"9613","2013-11-04 15:10:25","GeekNights Thursday - Real Politics and Stasiland"
"9617","2013-11-07 16:08:29","GeekNights Wednesday - The 2013 Anime Renaissance"
"9622","2013-11-13 04:46:30","GeekNights Tuesday - Yard Games"
"9629","2013-11-19 01:53:45","GeekNights Monday - Live Streaming Video"
"9630","2013-11-21 01:11:36","GeekNights Wednesday - The Wind Rises and Yowamushi Pedal"
"9633","2013-12-03 00:58:26","GeekNights Monday - That Penny Arcade Job Posting"
"9634","2013-12-05 03:07:15","GeekNights Wednesday - Rumiko Takahashi Anthology"
"9636","2013-12-11 01:33:17","GeekNights Tuesday - Homesteaders and Tammany Hall"
"9637","2013-12-16 15:22:10","Beyond Dungeons & Dragons - PAX Aus"
"9639","2013-12-19 01:56:38","GeekNights Wednesday - Silver Spoon"
"9640","2013-12-21 16:12:01","GeekNights Live at MAGFest 2014"
"9641","2013-12-21 16:20:23","Indie RPG Spotlight - Dread"
"9642","2013-12-22 16:40:39","Indie RPG Spotlight - Inspectres"
"9643","2013-12-23 18:59:05","Indie RPG Spotlight - Primetime Adventures"
"9644","2013-12-24 18:26:32","Indie RPG Spotlight - A Thousand and One Nights"
"9647","2013-12-30 02:42:42","Indie RPG Spotlight - Freemarket"
"9648","2013-12-30 21:01:03","Indie RPG Spotlight - Shock: Social Science Fiction"
"9653","2014-01-08 14:03:44","Indie RPG Spotlight - Mouse Guard"
"9654","2014-01-09 00:02:29","Book Club - Idoru by William Gibson"
"9655","2014-01-09 02:00:59","Indie RPG Spotlight - Burning Wheel"
"9658","2014-01-10 01:28:15","GeekNights Tuesday - The Games of MAGFest 2014"
"9661","2014-01-11 18:58:49","Indie RPG Spotlight - Action Castle"
"9662","2014-01-12 15:16:48","Indie RPG Spotlight - Lady Blackbird"
"9664","2014-01-13 16:03:23","Indie RPG Spotlight - Dogs in the Vineyard"
"9666","2014-01-16 04:23:45","GeekNights Wednesday - Space Dandy"
"9669","2014-01-17 23:35:48","Rym and Scott in Motion"
"9670","2014-01-22 05:07:09","GeekNights Tuesday - Nidhogg"
"9672","2014-01-28 03:57:37","GeekNights Monday - USB"
"9675","2014-01-30 02:56:02","GeekNights Wednesday - Wooser's Hand-to-Mouth Life"
"9679","2014-02-03 23:42:32","GeekNights Presents Utena: ep10"
"9680","2014-02-05 00:47:03","GeekNights Tuesday - Stakes in Games"
"9684","2014-02-07 03:35:16","GeekNights Thursday - GeekNights Book Club: Idoru"
"9688","2014-02-11 01:54:48","GeekNights Monday - Technology and Sports"
"9689","2014-02-12 15:02:56","Live at Anime Boston 2014"
"9691","2014-02-19 01:19:23","GeekNights Tuesday - Twitch Plays Pokemon"
"9693","2014-02-21 03:43:58","GeekNights Thursday - The Dentist"
"9694","2014-02-25 03:48:57","GeekNights Monday - Search Technology"
"9697","2014-03-05 02:27:40","GeekNights Tuesday - Phases of Games"
"9701","2014-03-19 01:23:50","GeekNights Tuesday - Gaming News Roundup - March 2014"
"9702","2014-03-20 17:12:47","Book Club - Wool by Hugh Howey"
"9703","2014-03-21 01:45:26","GeekNights Thursday - Air Travel"
"9706","2014-03-23 22:08:58","Thanks Anime Boston 2014!"
"9708","2014-03-25 00:12:57","GeekNights Monday - When Internet Services Die"
"9709","2014-03-26 23:43:12","GeekNights Wednesday - Yamishibai"
"9714","2014-04-02 03:42:13","GeekNights Tuesday - Why No One Will Game With You"
"9716","2014-04-03 17:53:23","Live at PAX East 2014!"
"9717","2014-04-04 00:02:50","GeekNights Book Club - Wool"
"9732","2014-04-24 03:04:46","Zenkaikon 2014"
"9733","2014-04-24 03:13:32","GeekNights Wednesday - Kill la Kill: Final Thoughts"
"9737","2014-04-30 02:21:49","GeekNights Tuesday - FTL Advanced and Flash Point: Fire Rescue"
"9738","2014-05-02 03:23:16","GeekNights Thursday - Profiles in Geek: Uncle Yo"
"9740","2014-05-06 03:41:52","GeekNights Monday - Prosumer vs Professional: A Case Study"
"9741","2014-05-08 04:19:53","GeekNights Wednesday - Adventure Time in Continuance"
"9747","2014-05-20 02:18:34","GeekNights Monday - Tech News Roundup May 2014"
"9748","2014-05-22 02:49:23","GeekNights Tuesday - Remembering Sailor Moon"
"9750","2014-05-28 00:04:38","GeekNights Tuesday - Hansa Teutonica"
"9753","2014-06-03 01:01:40","GeekNights Monday - Old Computers"
"9755","2014-06-05 04:14:19","GeekNights Wednesday - Ghost in the Shell: Arise - Preview"
"9757","2014-06-09 12:59:25","GeekNights Presents Utena: ep11"
"9758","2014-06-11 03:48:24","GeekNights Tuesday - Level Editors"
"9759","2014-06-13 02:58:59","GeekNights Thursday - A Showdown"
"9764","2014-06-17 21:04:11","Why No One Will Game with You"
"9768","2014-06-23 16:01:19","Book Club - A Canticle for Liebowitz by Walter M. Miller Jr."
"9769","2014-06-25 00:18:40","GeekNights Tuesday - Sportsmanship"
"9771","2014-07-01 03:14:27","GeekNights Monday - Performance Profiling"
"9772","2014-07-02 14:29:58","GeekNights Presents Utena: ep12"
"9773","2014-07-02 23:43:05","GeekNights Wednesday - Bravest Warriors"
"9776","2014-07-04 20:10:50","GeekNights Live at ConnectiCon 2014!"
"9777","2014-07-08 00:20:23","GeekNights Live at ConnectiCon 2014! Updated!"
"9779","2014-07-09 02:17:41","GeekNights Tuesday - The Legend of Zelda: A Link Between Worlds"
"9782","2014-07-16 23:43:11","GeekNights Wednesday - Sailor Moon Crystal - First Look"
"9784","2014-07-23 01:23:35","GeekNights Tuesday - Ingress"
"9786","2014-07-25 12:24:26","GeekNights Thursday - Dashcon and Horrible Convention Disasters"
"9787","2014-07-25 16:23:47","GeekNights Live at PAX Prime 2014!"
"9789","2014-07-29 01:10:18","GeekNights Monday - Babies and Accelerating Technology"
"9790","2014-07-29 19:54:21","PAX Prime 2014 Ticket Giveaway"
"9792","2014-07-31 02:34:57","GeekNights Wednesday - Top Special Attacks"
"9797","2014-08-06 03:18:02","GeekNights Tuesday - Crypt of the Necrodancer"
"9800","2014-08-08 03:20:27","GeekNights Thursday - Salad"
"9804","2014-08-12 03:20:24","GeekNights Monday - IT Disasters"
"9805","2014-08-15 03:49:41","GeekNights Thursday - Last Week Tonight and the Daily Show"
"9813","2014-08-20 15:23:05","\"How to Win Every Game\" at PAX Prime 2014"
"9817","2014-08-22 03:41:23","GeekNights Thursday - AVGN: The Movie: The Experience"
"9823","2014-08-26 01:49:28","GeekNights Monday - Electricity"
"9825","2014-08-26 20:29:30","Zendo - Learn to Play"
"9826","2014-08-27 17:19:19","Our PAX Prime 2014 Schedule!"
"9831","2014-09-05 23:30:47","GeekNights Thursday - Judith on the Spot"
"9832","2014-09-06 18:02:09","How to Love and Hate Tabletop Games"
"9834","2014-09-09 00:08:16","GeekNights Monday - Upgrading PCs"
"9835","2014-09-09 16:54:22","How to Win Every Game - PAX Prime 2014"
"9836","2014-09-10 13:35:06","GeekNights Live at PAX Australia 2014!"
"9837","2014-09-11 04:02:28","GeekNights Wednesday - Blue Blazes"
"9842","2014-09-25 00:33:46","GeekNights Wednesday - Gundam Unicorn UC"
"9845","2014-10-01 03:21:29","GeekNights Tuesday - Pandante"
"9850","2014-10-03 03:59:38","GeekNights Thursday - Book Club: A Canticle for Leibowitz"
"9856","2014-10-09 02:21:41","GeekNights Wednesday - Anime We Never Reviewed"
"9857","2014-10-10 13:25:20","Live in Australia - Full Schedule"
"9860","2014-10-17 00:05:32","GeekNights Thursday - Sunglasses"
"9873","2014-11-07 03:52:54","GeekNights Thursday - US Midterm Election Special"
"9874","2014-11-07 04:00:27","Back from PAX Australia!!"
"9877","2014-11-11 18:49:37","PAX Prime 2014 Expo Hall Live"
"9878","2014-11-12 04:18:01","GeekNights Tuesday - Super Smash Brothers 3DS"
"9882","2014-11-14 01:41:43","GeekNights Thursday - Apples"
"9884","2014-11-18 02:58:50","GeekNights Monday - What Phone Should Rym Buy?"
"9885","2014-11-20 00:33:24","GeekNights Wednesday - Bee and Puppycat"
"9891","2014-12-02 00:50:24","GeekNights Monday - Buying Other People Computers"
"9892","2014-12-02 15:02:18","PAX Australia - Death in Shadowgate"
"9893","2014-12-03 03:15:02","Live at PAX South 2015!"
"9894","2014-12-03 15:58:40","Is Gone Home a Game?"
"9896","2014-12-04 03:28:25","GeekNights Wednesday - Prophecy"
"9898","2014-12-05 16:56:09","The History of Losing"
"9902","2014-12-08 15:23:36","The Difference Between Trolling and Griefing"
"9904","2014-12-10 03:47:06","GeekNights Tuesday - Wizard"
"9905","2014-12-12 03:44:57","GeekNights Thursday - Busses"
"9907","2014-12-16 00:25:05","GeekNights Monday - Will AI Destroy Us?"
"9909","2014-12-18 01:54:47","GeekNights Wednesday - Cucumber Quest"
"9913","2014-12-22 17:15:12","GeekNights Presents Utena: ep13"
"9915","2014-12-24 02:55:35","GeekNights Tuesday - Home Versions of Game Shows"
"9920","2015-01-07 02:50:03","GeekNights Tuesday - Losing: PAX Australia 2014"
"9924","2015-01-09 02:58:18","GeekNights Thursday - Predator"
"9925","2015-01-11 23:19:46","Pre-judged anime: Were we right?"
"9928","2015-01-13 23:59:24","Live at PAX South and PAX East!"
"9930","2015-01-15 01:53:03","GeekNights Wednesday - Song of the Sea"
"9933","2015-01-21 04:04:46","GeekNights Tuesday - King's Forge"
"9935","2015-01-30 03:36:19","Scripts to download the entire run of geeknights"
"9939","2015-02-07 17:00:52","GeekNights Returning Next Week"
"9946","2015-02-24 05:24:26","GeekNights Monday - Never Trust Lenovo Again"
"9947","2015-02-26 03:40:35","GeekNights Wednesday - Horror News and Parasyte"
"9948","2015-02-26 04:04:20","Book Club - Watership Down by Richard Adams"
"9950","2015-03-03 18:24:13","See our panel at PAX East!"
"9951","2015-03-04 00:33:38","GeekNights Tuesday - Games at PAX South 2015"
"9957","2015-03-18 03:58:39","GeekNights Tuesday - Games of PAX East 2015"
"9958","2015-03-20 04:13:07","GeekNights Thursday - San Antonio Texas"
"9959","2015-03-20 12:49:59","Why Five Nights at Freddy's is Scary"
"9961","2015-03-22 23:44:24","Live at Zenkaikon 2015!"
"9962","2015-03-31 18:48:50","Live at Anime Boston 2015"
"9963","2015-04-01 00:50:50","GeekNights Tuesday - XCOM: The Board Game Review"
"9965","2015-04-05 20:16:50","Thanks Anime Boson 2015!"
"9967","2015-04-07 04:33:05","GeekNights Monday - FPGAs and Parallel Computing"
"9969","2015-04-09 04:44:15","GeekNights Wednesday - Anime Boston and Zenkaikon 2015"
"9973","2015-04-15 01:08:39","GeekNights Tuesday - Sheriff of Nottingham and Mount Your Friends"
"9979","2015-04-28 02:55:11","GeekNights Monday - Tech News Roundup April 2015"
"9985","2015-05-13 04:04:44","GeekNights Tuesday - Cordial Minuet"
"9987","2015-05-15 00:06:23","GeekNights Thursday - Nuts"
"9988","2015-05-19 04:18:56","GeekNights Monday - Ad Blocking"
"9991","2015-05-26 02:01:54","Delisted from iTunes?"
"9993","2015-05-27 03:43:02","GeekNights Tuesday - Heroes of the Storm: Initial Thoughts"
"9995","2015-05-29 00:21:58","GeekNights Thursday - Watership Down"
"9997","2015-06-02 01:18:44","GeekNights Monday - Trusting Application Downloads"
"9998","2015-06-09 23:15:55","GeekNights Tuesday - Time Crisis 5"
"9999","2015-06-11 23:21:01","GeekNights Thursday - Luggage"
"10002","2015-06-14 00:02:43","Racewalking is Terrible"
"10004","2015-06-16 00:42:08","GeekNights Monday - Sneakernets"
"10005","2015-06-16 13:20:18","Bad Games - PAX South"
"10006","2015-06-16 21:39:20","GeekNights Wednesday - Ore Monogatari!!"
"10008","2015-06-24 01:26:06","Programming Challenge - save an episode of GeekNights"
"10010","2015-06-26 00:01:37","GeekNights Thursday - Furniture"
"10014","2015-06-28 02:18:00","GeekNights Tuesday - The new Wolfenstein Games"
"10016","2015-06-30 02:15:17","GeekNights Monday - Buying a new PC in 2015"
"10017","2015-06-30 15:08:29","Live at ConnectiCon 2015"
"10022","2015-07-08 02:00:35","GeekNights Tuesday - Lost Cities"
"10025","2015-07-16 14:14:12","Thank you ConnectiCon 2015"
"10028","2015-07-19 19:53:57","GeekNights Live at PAX Prime 2015"
"10030","2015-07-21 23:52:39","GeekNights Tuesday - The Jackbox Party Pack"
"10032","2015-07-24 00:07:35","GeekNights Thursday - Belts"
"10033","2015-07-28 03:27:47","GeekNights Monday - When Services Die"
"10037","2015-07-29 23:59:39","GeekNights Wednesday - Vampire Hunter D and Gundam The Origin"
"10039","2015-08-05 02:28:28","GeekNights Tuesday - Conrad Kreyling Date Nighto"
"10040","2015-08-06 23:56:55","GeekNights Thursday - The Lightning Round"
"10041","2015-08-11 17:43:00","GeekNights 2015-08-10 : HTTP Proxies"
"10044","2015-08-18 14:29:02","GeekNights PAX Prime Schedule"
"10045","2015-08-18 14:35:24","PAX Australia - How to Win"
"10046","2015-08-19 02:09:59","GeekNights Tuesday - Dance Dance Revolution"
"10049","2015-08-21 00:19:17","GeekNights Thursday - Cookies"
"10056","2015-09-10 04:17:20","GeekNights Wednesday - One Punch Man Preview"
"10061","2015-09-14 02:51:05","GeekNights Tuesday - Rocket League"
"10062","2015-09-14 14:26:07","Sports are Games - PAX Prime 2015"
"10064","2015-09-17 22:54:30","Book Club - The Eye of the World by Robert Jordan"
"10065","2015-09-17 23:17:16","GeekNights Book Club - The Eye of the World"
"10069","2015-09-30 13:05:15","GeekNights Tuesday - Fresh Fish"
"10070","2015-10-06 01:34:50","GeekNights Monday - Peeple's rise and immediate fall"
"10072","2015-10-08 00:51:43","GeekNights Wednesday - Colorful and Rick and Morty"
"10077","2015-10-16 00:13:42","GeekNights Thursday - Halloween"
"10079","2015-10-19 23:24:35","GeekNights Monday - Don't Share your Password"
"10084","2015-10-26 14:04:55","GeekNights Patreon Launches"
"10085","2015-10-28 02:44:18","GeekNights Tuesday - Subterfuge"
"10087","2015-10-29 00:47:40","GeekNights Thursday - Josephine Fu"
"10089","2015-11-01 05:39:23","3650 days of Geeknights"
"10090","2015-11-03 01:57:16","GeekNights Monday - Don't Drop your Phone"
"10093","2015-11-05 00:57:37","GeekNights Wednesday - Anime is just Animation"
"10096","2015-11-11 02:05:20","GeekNights Tuesday - Game Rules"
"10098","2015-11-13 04:15:06","GeekNights Thursday - Thanksgiving"
"10100","2015-11-17 03:02:34","GeekNights Monday - Ignoring Tech News"
"10104","2015-11-19 01:53:24","GeekNights Wednesday - Descender"
"10105","2015-11-25 04:53:36","GeekNights Tuesday - Matchmaking in Games"
"10109","2015-12-01 01:10:51","GeekNights Monday - Headphone Jacks and iPhones"
"10110","2015-12-02 14:57:40","Live at PAX South 2016"
"10111","2015-12-03 02:46:03","GeekNights Wednesday - Inuyashiki"
"10113","2015-12-08 17:16:54","December Q&A"
"10114","2015-12-09 01:59:07","GeekNights Tuesday - Starwhal and Res Publica"
"10116","2015-12-11 01:16:55","GeekNights Thursday - All our Jobs"
"10118","2015-12-15 02:49:13","GeekNights Monday - The Premature Death of QA"
"10119","2015-12-17 00:49:03","GeekNights Wednesday - Laputa: Castle in the Sky"
"10120","2015-12-18 23:20:42","GeekNights PAX South 2016 Schedule"
"10121","2015-12-23 00:14:46","GeekNights Tuesday - Towerfall"
"10125","2016-01-06 01:55:31","GeekNights Tuesday - Games"
"10127","2016-01-11 16:25:48","PAX South 2016 - Update"
"10128","2016-01-12 02:20:48","GeekNights Monday - Nuclear Weapons"
"10131","2016-01-14 03:31:27","GeekNights Wednesday - My Little Pony in Continuance"
"10134","2016-01-22 01:52:58","GeekNights Thursday - Star Wars: The Force Awakens"
"10136","2016-01-31 16:09:51","Thank you PAX South 2016!"
"10138","2016-02-07 21:13:45","Scared Yet: A Discussion of Horror in Games"
"10139","2016-02-09 03:49:28","GeekNights Monday - Why Twitter Can't Monetize"
"10141","2016-02-11 02:43:10","GeekNights Wednesday - Anime We Stopped Watching"
"10143","2016-02-15 15:41:18","GeekNights Presents Utena: ep14"
"10144","2016-02-16 18:23:43","Live at MAGFest 2016"
"10145","2016-02-17 02:15:56","GeekNights Tuesday - Helldivers"
"10147","2016-02-25 02:00:19","GeekNights Wednesday - PLANETES Manga"
"10151","2016-03-01 00:43:26","GeekNights Tuesday - Thebes"
"10154","2016-03-08 02:49:43","GeekNights Monday - Apple vs the FBI"
"10155","2016-03-08 14:45:47","Designing Game Rules"
"10156","2016-03-10 00:48:31","GeekNights Wednesday - The Boy and the Beast"
"10158","2016-03-13 21:26:43","Live at Anime Boston 2016"
"10160","2016-03-16 02:14:23","GeekNights Tuesday - Gaming News Roundup - March 2016"
"10162","2016-03-18 00:46:17","GeekNights Thursday - Preparation and Preppers"
"10165","2016-03-22 02:15:19","GeekNights Monday - Tech News Roundup - March 2016"
"10166","2016-03-22 19:37:35","Live at Anime Boston and Zenkaikon"
"10168","2016-03-24 02:47:39","GeekNights Wednesday - Gravity Falls - Final Thoughts"
"10171","2016-03-28 19:32:48","Thank you Anime Boston 2016!"
"10172","2016-03-29 23:59:37","GeekNights Tuesday - 6 nimmt!"
"10175","2016-04-04 15:15:27","Thank you Zenkaikon 2016!"
"10178","2016-04-05 01:37:24","GeekNights Monday - HFS+"
"10180","2016-04-07 00:24:59","GeekNights Wednesday - Ace Attorney"
"10182","2016-04-09 16:00:44","Judge Anime By Its Cover - Spring 2016"
"10183","2016-04-11 14:58:20","Live at PAX East 2016"
"10184","2016-04-13 00:17:06","GeekNights Tuesday - Miitomo"
"10185","2016-04-15 03:19:21","GeekNights Thursday - Boat Times"
"10186","2016-04-16 02:57:30","The Beta Episode of GeekNights"
"10187","2016-04-19 01:36:51","GeekNights Monday - Ransomware"
"10194","2016-04-28 13:13:01","How to Run an Anime Club"
"10195","2016-05-03 01:18:16","GeekNights Monday - BYOC 2016"
"10202","2016-05-24 00:51:53","Patreon - Rym's Rants"
"10203","2016-05-25 02:40:40","GeekNights Tuesday - Food Games Fracas"
"10204","2016-05-27 03:47:21","GeekNights Thursday - The Jurassic Park Franchise"
"10205","2016-06-02 01:49:40","GeekNights Wednesday - Some Anime We're Watching"
"10208","2016-06-08 00:38:25","GeekNights Tuesday - The Grind"
"10209","2016-06-10 01:20:48","GeekNights Thursday - The Show About What to do the Show About"
"10212","2016-06-13 23:42:14","GeekNights Monday - Talking at Computers"
"10215","2016-06-22 00:36:49","GeekNights Tuesday - Reddit's Idea of Strange Strategies"
"10216","2016-06-24 01:33:56","GeekNights Thursday - How to Not Suck at Hosting Parties"
"10219","2016-06-30 00:10:55","GeekNights Wednesday - The Lost Village"
"10220","2016-07-05 23:42:21","GeekNights Tuesday - Speedruns and Videogame Exhibitions"
"10221","2016-07-07 20:46:26","GeekNights Live at ConnectiCon 2016!"
"10222","2016-07-09 18:21:25","GeekNights Live at PAX West 2016"
"10227","2016-07-20 00:51:27","GeekNights Tuesday - Pokemon Go: Initial Thoughts"
"10228","2016-07-20 13:32:50","GeekNights Presents Utena: ep15"
"10229","2016-07-22 02:25:24","GeekNights Thursday - Clothing and Garments"
"10230","2016-07-26 00:17:48","GeekNights Monday - Right to Repair"
"10231","2016-07-28 01:00:01","GeekNights Wednesday - Flying Witch"
"10232","2016-07-29 19:50:51","Book Club - Oryx and Crake by Margaret Atwood"
"10233","2016-08-03 00:29:04","GeekNights Tuesday - Games Scott Isn't Playing"
"10234","2016-08-04 23:42:32","GeekNights Book Club - Book Club: Oryx and Crake"
"10239","2016-08-09 00:05:29","GeekNights Monday - Specialized Peripherals"
"10241","2016-08-11 01:36:10","GeekNights Wednesday - Bojack Horseman"
"10244","2016-08-15 19:27:30","Atari Game Design - PAX East 2016"
"10246","2016-08-17 01:58:45","GeekNights Tuesday - Warbits: A Post Mortem"
"10249","2016-08-19 00:26:42","GeekNights Thursday - Umbrellas"
"10253","2016-08-23 03:17:42","GeekNights Monday - Kaby Lake and Adblock Wars"
"10257","2016-08-25 00:36:58","GeekNights Wednesday - Queen Emeraldas"
"10265","2016-09-13 22:27:32","GeekNights Tuesday - Captain Sonar"
"10266","2016-09-16 03:07:41","GeekNights Thursday - Pizza"
"10267","2016-09-19 23:47:20","GeekNights Monday - Tech Books"
"10271","2016-09-27 23:48:45","GeekNights Tuesday - Deep Sea Adventure: Pressing One's Luck"
"10272","2016-09-30 01:11:56","GeekNights Thursday - Road Trips"
"10273","2016-10-02 13:51:30","The Grind - PAX West 2016"
"10274","2016-10-04 00:59:44","GeekNights Monday - Disposing of Old Tech"
"10276","2016-10-06 00:13:25","GeekNights Wednesday - Mob Psycho 100"
"10281","2016-10-26 00:02:17","GeekNights Tuesday - Civilization VI Initial Thoughts"
"10282","2016-10-28 00:17:28","GeekNights Thursday - Timepieces"
"10283","2016-10-31 23:21:38","GeekNights Monday - The Big DNS DDOS"
"10284","2016-11-02 23:31:09","GeekNights Wednesday - Ichabod Crane - The Headless Horseman"
"10289","2016-11-09 01:19:39","GeekNights Tuesday - Patchwork"
"10291","2016-11-11 03:26:32","GeekNights Thursday - Wallets"
"10295","2016-11-15 18:43:08","Thank you GaymerX East!"
"10297","2016-11-17 02:33:47","GeekNights Wednesday - The Unbeatable Squirrel Girl"
"10302","2016-11-29 01:21:33","GeekNights Monday - Building a Computer: End of 2016"
"10304","2016-12-01 01:53:24","GeekNights Wednesday - Trivia Challenge"
"10306","2016-12-04 14:58:08","The Most Popular GeekNights Episodes of All Time"
"10307","2016-12-04 18:15:55","GeekNights Book Club - Politics Club: The Coming Third Reich"
"10309","2016-12-07 01:33:36","GeekNights Tuesday - Jackbox Party Pack 3"
"10310","2016-12-09 05:05:22","GeekNights Thursday - Concerns of the Bathroom"
"10311","2016-12-13 01:03:20","GeekNights Monday - Instant Messaging in 2016"
"10312","2016-12-15 02:49:52","GeekNights Wednesday - Moana"
"10313","2016-12-21 02:39:02","GeekNights Tuesday - Doom (2016)"
"10314","2016-12-23 00:51:42","GeekNights Thursday - Christmas Holidays"
"10315","2016-12-23 18:23:51","GeekNights Live at MAGFest 2017"
